[
  {
    "code": "P01",
    "name": "Traditional Merlot",
    "description": "A bottle of middle weight wine, lower in tannins (smoother), with a more red-fruited flavor profile.",
    "price": 4.5,
    "selected": false
  },
  {
    "code": "P02",
    "name": "Classic Chianti",
    "description": "A medium-bodied wine characterized by a marvelous freshness with a lingering, fruity finish",
    "price": 5.3,
    "selected": false
  },
  {
    "code": "P03",
    "name": "Chardonnay",
    "description": "A dry full-bodied white wine with spicy, bourbon-y notes in an elegant bottle",
    "price": 4.0,
    "selected": false
  },
  {
    "code": "P04",
    "name": "Brunello di Montalcino",
    "description": "A bottle of red wine with exceptionally bold fruit flavors, high tannin, and high acidity",
    "price": 7.5,
    "selected": false
  }
]